<?xml version="1.0" encoding="UTF-8" standalone="yes"?>
<data xmlns:xsi="http://www.w3.org/2001/XMLSchema-instance">
	<Rename>
		<old_name>Animation_Vo_ScaredVo</old_name>
		<new_name>Anim_Scared</new_name>
		<vo_probability>100</vo_probability>
	</Rename>
	<Rename>
		<old_name>_Animation_Vo_</old_name>
		<new_name>_</new_name>
		<vo_probability>100</vo_probability>
	</Rename>
	<Rename>
		<old_name>HurtVo</old_name>
		<new_name>Hurt_Vo</new_name>
		<vo_probability>50</vo_probability>
	</Rename>
	<Rename>
		<old_name>_AttackVo_</old_name>
		<new_name>_</new_name>
		<vo_probability>100</vo_probability>
	</Rename>
	<Rename>
		<old_name>AttackLongVo</old_name>
		<new_name>Attack_Vo_Long</new_name>
		<vo_probability>80</vo_probability>
	</Rename>
	<Rename>
		<old_name>AttackVo</old_name>
		<new_name>Attack_Vo</new_name>
		<vo_probability>65</vo_probability>
	</Rename>
	<Rename>
		<old_name>AwakeVo</old_name>
		<new_name>Active_AwakeVo</new_name>
		<vo_probability>100</vo_probability>
	</Rename>
	<Rename>
		<old_name>RunVo</old_name>
		<new_name>Active_ChasingVo</new_name>
		<vo_probability>75</vo_probability>
	</Rename>
	<Rename>
		<old_name>_SkillVo_</old_name>
		<new_name>_</new_name>
		<vo_probability>100</vo_probability>
	</Rename>
	<Rename>
		<old_name>Animation_Others</old_name>
		<new_name>Anim</new_name>
		<vo_probability>100</vo_probability>
	</Rename>
	<Rename>
		<old_name>Animation_</old_name>
		<new_name>Anim_</new_name>
		<vo_probability>100</vo_probability>
	</Rename>
	<Rename>
		<old_name>Shoot_Ranged</old_name>
		<new_name>R_Shoot</new_name>
		<vo_probability>100</vo_probability>
	</Rename>
	<Rename>
		<old_name>Whoosh_Whoosh01</old_name>
		<new_name>M01_Whoosh</new_name>
		<vo_probability>100</vo_probability>
	</Rename>
	<Rename>
		<old_name>Whoosh_Whoosh02</old_name>
		<new_name>M02_Whoosh</new_name>
		<vo_probability>100</vo_probability>
	</Rename>
	<Rename>
		<old_name>Footsteps</old_name>
		<new_name>FS</new_name>
		<vo_probability>100</vo_probability>
	</Rename>
	<Rename>
		<old_name>_Skills_</old_name>
		<new_name>_</new_name>
		<vo_probability>100</vo_probability>
	</Rename>
	<Rename>
		<old_name>-</old_name>
		<new_name>_</new_name>
		<vo_probability>100</vo_probability>
	</Rename>
</data>